Title,Starting_Page_Number,Section,Ending_Page_Number,Content
PROJECT RISK MANAGEMENT,395,11,401,11project risk managementproject risk management includes processes conducting risk management planning identification analysis response planning response implementation monitoring risk project. objectives project risk management increase probability and/or impact positive risks decrease probability and/or impact negative risks order optimize chances project success.the project risk management processes are:11.1 plan risk management—the process defining conduct risk management activities project.11.2 identify risks—the process identifying individual project risks well sources overall project risk documenting characteristics.11.3 perform qualitative risk analysis—the process prioritizing individual project risks analysis action assessing probability occurrence impact well characteristics.11.4 perform quantitative risk analysis—the process numerically analyzing combined effect identified individual project risks sources uncertainty overall project objectives.11.5 plan risk responses—the process developing options selecting strategies agreeing actions address overall project risk exposure well treat individual project risks.11.6 implement risk responses—the process implementing agreed-upon risk response plans.11.7 monitor risks—the process monitoring implementation agreed-upon risk response plans tracking identified risks identifying analyzing new risks evaluating risk process effectiveness throughout project.figure 11-1 provides overview project risk management processes. project management risk processes presented discrete processes defined interfaces practice overlap interact ways cannot completely detailed pmbok® guide. key concepts project risk managementall projects risky since unique undertakings varying degrees complexity aim deliver benefits. context constraints assumptions responding stakeholder expectations may conﬂicting changing. organizations choose take project risk controlled intentional manner order create value balancing risk reward.project risk management aims identify manage risks addressed project management processes. unmanaged risks potential cause project deviate plan fail achieve defined project objectives. consequently effectiveness project risk management directly related project success.risk exists two levels within every project. project contains individual risks affect achievement project objectives. also important consider riskiness overall project arises combination individual project risks sources uncertainty. project risk management processes address levels risk projects defined follows:individual project risk uncertain event condition occurs positive negative effect one project objectives.overall project risk effect uncertainty project whole arising sources uncertainty including individual risks representing exposure stakeholders implications variations project outcome positive negative.individual project risks positive negative effect project objectives occur. project risk management aims exploit enhance positive risks opportunities avoiding mitigating negative risks threats. unmanaged threats may result issues problems delay cost overruns performance shortfall loss reputation. opportunities captured lead benefits reduced time cost improved performance reputation.overall project risk also positive negative. management overall project risk aims keep project risk exposure within acceptable range reducing drivers negative variation promoting drivers positive variation maximizing probability achieving overall project objectives. risks continue emerge lifetime project project risk management processes conducted iteratively. risk initially addressed project planning shaping project strategy. risk also monitored managed project progresses ensure project stays track emergent risks addressed.in order manage risk effectively particular project project team needs know level risk exposure acceptable pursuit project objectives. defined measurable risk thresholds reﬂect risk appetite organization project stakeholders. risk thresholds express degree acceptable variation around project objective. explicitly stated communicated project team reﬂected definitions risk impact levels project.trends emerging practices project risk managementthe focus project risk management broadening ensure types risk considered project risks understood wider context. trends emerging practices project risk management include limited to:non-event risks. projects focus risks uncertain future events may may occur. examples event-based risks include: key seller may go business project customer may change requirement design complete subcontractor may propose enhancements standard operating processes.there increasing recognition non-event risks need identified managed. two main types non-event risks: variability risk. uncertainty exists key characteristics planned event activity decision. examples variability risks include: productivity may target number errors found testing may higher lower expected unseasonal weather conditions may occur construction phase. ambiguity risk. uncertainty exists might happen future. areas project imperfect knowledge might affect project’s ability achieve objectives include: elements requirement technical solution future developments regulatory frameworks inherent systemic complexity project.variability risks addressed using monte carlo analysis range variation reﬂected probability distributions followed actions reduce spread possible outcomes. ambiguity risks managed defining areas deficit knowledge understanding filling gap obtaining expert external input benchmarking best practices. ambiguity also addressed incremental development prototyping simulation.project resilience. existence emergent risk becoming clear growing awareness so-called unknowable-unknowns. risks recognized occurred. emergent risks tackled developing project resilience. requires project have: right level budget schedule contingency emergent risks addition specific risk budget known risks; flexible project processes cope emergent risk maintaining overall direction toward project goals including strong change management; empowered project team clear objectives trusted get job done within agreed-upon limits; frequent review early warning signs identify emergent risks early possible; clear input stakeholders clarify areas project scope strategy adjusted response emergent risks.integrated risk management. projects exist organizational context may form part program portfolio. risk exists levels risks owned managed appropriate level. risks identified higher levels delegated project team management project risks may escalated higher levels best managed outside project. coordinated approach enterprise-wide risk management ensures alignment coherence way risk managed across levels. builds risk efficiency structure programs portfolios providing greatest overall value given level risk exposure. tailoring considerationsbecause project unique necessary tailor way project risk management processes applied. considerations tailoring include limited to:project size. project’s size terms budget duration scope team size require detailed approach risk management? small enough justify simplified risk process?project complexity. robust risk approach demanded high levels innovation new technology commercial arrangements interfaces external dependencies increase project complexity? project simple enough reduced risk process suffice?project importance. strategically important project? level risk increased project aims produce breakthrough opportunities addresses significant blocks organizational performance involves major product innovation?development approach. waterfall project risk processes followed sequentially iteratively project follow agile approach risk addressed start iteration well execution?tailoring project risk management processes meet considerations part plan risk management process outcomes tailoring decisions recorded risk management plan.considerations agile/adaptive environmentshigh-variability environments definition incur uncertainty risk. address projects managed using adaptive approaches make use frequent reviews incremental work products cross-functional project teams accelerate knowledge sharing ensure risk understood managed. risk considered selecting content iteration risks also identified analyzed managed iteration.additionally requirements kept living document updated regularly work may reprioritized project progresses based improved understanding current risk exposure.
Plan Risk Management,401,11.1,402,11.1 plan risk management plan risk management process defining conduct risk management activities project. key benefit process ensures degree type visibility risk management proportionate risks importance project organization stakeholders. process performed predefined points project. inputs tools techniques outputs process depicted figure 11-2. plan risk management process begin project conceived completed early project. may necessary revisit process later project life cycle example major phase change project scope changes significantly subsequent review risk management effectiveness determines project risk management process requires modification.
Plan Risk Management Inputs,402,11.1.1,404,11.1.1 plan risk management: inputs11.1.1.1 project charter described section 4.1.3.1. project charter documents high-level project description boundaries high-level requirements risks.11.1.1.2 project management plandescribed section 4.2.3.1. planning project risk management approved subsidiary management plans taken consideration order make risk management plan consistent them. methodology outlined project management plan components might inﬂuence plan risk management process.11.1.1.3 project documents project documents considered inputs process include limited stakeholder register described section 13.1.3.1. stakeholder register contains details project’s stakeholders provides overview project roles attitude toward risk project. useful determining roles responsibilities managing risk project well setting risk thresholds project.11.1.1.4 enterprise environmental factors enterprise environmental factors inﬂuence plan risk management process include limited overall risk thresholds set organization key stakeholders.11.1.1.5 organizational process assetsthe organizational process assets inﬂuence plan risk management process include limited to:organizational risk policy;risk categories possibly organized risk breakdown structure;common definitions risk concepts terms;risk statement formats;templates risk management plan risk register risk report;roles responsibilities;authority levels decision making; andlessons learned repository previous similar projects.
Plan Risk Management Tools and Techniques,404,11.1.2,405,11.1.2 plan risk management: tools techniques 11.1.2.1 expert judgmentdescribed section 4.1.2.1. expertise considered individuals groups specialized knowledge training following topics:familiarity organization’s approach managing risk including enterprise risk management performed;tailoring risk management specific needs project; andtypes risk likely encountered projects area.11.1.2.2 data analysisdata analysis techniques used process includes limited stakeholder analysis section 13.1.2.3 determine risk appetite project stakeholders.11.1.2.3 meetings risk management plan may developed part project kick-off meeting specific planning meeting may held. attendees may include project manager selected project team members key stakeholders team members responsible manage risk management process project. others outside organization may also invited needed including customers sellers regulators. skilled facilitator help participants remain focused task agree key aspects risk approach identify overcome sources bias resolve disagreements may arise.plans conducting risk management activities defined meetings documented risk management plan see section 11.1.3.1.
Plan Risk Management Outputs,405,11.1.3,409,11.1.3 plan risk management: outputs11.1.3.1 risk management planthe risk management plan component project management plan describes risk management activities structured performed. risk management plan may include following elements:risk strategy. describes general approach managing risk project.methodology. defines specific approaches tools data sources used perform risk management project.roles responsibilities. defines lead support risk management team members type activity described risk management plan clarifies responsibilities.funding. identifies funds needed perform activities related project risk management. establishes protocols application contingency management reserves.timing. defines often project risk management processes performed throughout project life cycle establishes risk management activities inclusion project schedule.risk categories. provide means grouping individual project risks. common way structure risk categories risk breakdown structure rbs hierarchical representation potential sources risk see example figure 11-4. rbs helps project team consider full range sources individual project risks may arise. useful identifying risks categorizing identified risks. organization may generic rbs used projects may several rbs frameworks different types projects project may develop tailored rbs. rbs used organization may use custom risk categorization framework may take form simple list categories structure based project objectives. extract sample risk breakdown structure rbs stakeholder risk appetite. risk appetites key stakeholders project recorded risk management plan inform details plan risk management process. particular stakeholder risk appetite expressed measurable risk thresholds around project objective. thresholds determine acceptable level overall project risk exposure also used inform definitions probability impacts used assessing prioritizing individual project risks.definitions risk probability impacts. definitions risk probability impact levels specific project context reﬂect risk appetite thresholds organization key stakeholders. project may generate specific definitions probability impact levels may start general definitions provided organization. number levels reﬂects degree detail required project risk management process levels used detailed risk approach typically five levels fewer simple process usually three. table 11-1 provides example definitions probability impacts three project objectives. scales used evaluate threats opportunities interpreting impact definitions negative threats delay additional cost performance shortfall positive opportunities reduced time cost performance enhancement. prioritization rules may specified organization advance project included organizational process assets may tailored specific project. opportunities threats represented common probability impact matrix using positive definitions impact opportunities negative impact definitions threats. descriptive terms high high medium low low numeric values used probability impact. numeric values used multiplied give probability-impact score risk allows relative priority individual risks evaluated within priority level. example probability impact matrix presented figure 11-5 also shows possible numeric risk scoring scheme.figure 11-5. example probability impact matrix scoring schemereporting formats. reporting formats define outcomes project risk management process documented analyzed communicated. section risk management plan describes content format risk register risk report well required outputs project risk management processes.tracking. tracking documents risk activities recorded risk management processes audited.
Identify Risks,409,11.2,411,11.2 identify risksidentify risks process identifying individual project risks well sources overall project risk documenting characteristics. key benefit process documentation existing individual project risks sources overall project risk. also brings together information project team respond appropriately identified risks. process performed throughout project. inputs tools techniques outputs process depicted figure 11-6.identify risks considers individual project risks sources overall project risk. participants risk identification activities may include following: project manager project team members project risk specialist (if assigned) customers subject matter experts outside project team end users project managers operations managers stakeholders risk management experts within organization. personnel often key participants risk identification project stakeholders encouraged identify individual project risks. particularly important involve project team develop maintain sense ownership responsibility identified individual project risks level overall project risk associated risk response actions. describing recording individual project risks consistent format used risk statements ensure risk understood clearly unambiguously order support effective analysis risk response development. risk owners individual project risks may nominated part identify risks process confirmed perform qualitative risk analysis process. preliminary risk responses may also identified recorded reviewed confirmed part plan risk responses process. identify risks iterative process since new individual project risks may emerge project progresses life cycle level overall project risk also change. frequency iteration participation risk identification cycle vary situation defined risk management plan.
Identify Risks Inputs,411,11.2.1,414,11.2.1 identify risks: inputs11.2.1.1 project management plandescribed section 4.2.3.1. project management plan components include limited to:requirements management plan. described section 5.1.3.2. requirements management plan may indicate project objectives particularly risk.schedule management plan. described section 6.1.3.1. schedule management plan may identify areas subject uncertainty ambiguity.cost management plan. described section 7.1.3.1. cost management plan may identify areas subject uncertainty ambiguity.quality management plan. described section 8.1.3.1. quality management plan may identify areas subject uncertainty ambiguity key assumptions made might give rise risk.resource management plan. described section 9.1.3.1. resource management plan may identify areas subject uncertainty ambiguity key assumptions made might give rise risk. risk management plan. described section 11.1.3.1. risk management plan provides information risk-related roles responsibilities indicates risk management activities included budget schedule describes categories risk may expressed risk breakdown structure figure 11-4.scope baseline. described section 5.4.3.1. scope baseline includes deliverables criteria acceptance might give rise risk. also contains wbs used framework structure risk identification techniques.schedule baseline. described section 6.5.3.1. schedule baseline may reviewed identify milestones deliverable due dates subject uncertainty ambiguity key assumptions made might give rise risk.cost baseline. described section 7.3.3.1. cost baseline may reviewed identify costs funding requirements subject uncertainty ambiguity key assumptions made might give rise risk.11.2.1.2 project documentsproject documents considered inputs process include limited to:assumption log. described section 4.1.3.2. assumptions constraints recorded assumption log may give rise individual project risks may also inﬂuence level overall project risk.cost estimates. described section 7.2.3.1. cost estimates provide quantitative assessments project costs ideally expressed range indicating degree risk structured review documents may indicate current estimate insufficient poses risk project.duration estimates. described section 6.4.3.1. duration estimates provide quantitative assessments project durations ideally expressed range indicating degree risk structured review documents may indicate current estimate insufficient poses risk project.issue log. described section 4.3.3.3. issues recorded issue log may give rise individual project risks may also inﬂuence level overall project risk.lessons learned register. described section 4.4.3.1. lessons learned risk identified earlier phases project reviewed determine whether similar risks might recur remainder project.requirements documentation. described section 5.2.3.1. requirements documentation lists project requirements allows team identify could risk.resource requirements. described section 9.2.3.1. resource requirements provide quantitative assessments project resource requirements ideally expressed range indicating degree risk structured review documents may indicate current estimate insufficient poses risk project.stakeholder register. described section 13.1.3.1. stakeholder register indicates individuals groups might participate identifying risks project. also details individuals available act risk owners.11.2.1.3 agreementsdescribed section 12.2.3.2. project requires external procurement resources agreements may information milestone dates contract type acceptance criteria awards penalties present threats opportunities.11.2.1.4 procurement documentationdescribed section 12.3.1.4. project requires external procurement resources initial procurement documentation reviewed procuring goods services outside organization may increase decrease overall project risk may introduce additional individual project risks. procurement documentation updated throughout project date documentation reviewed risks. example seller performance reports approved change requests information inspections. 11.2.1.5 enterprise environmental factorsthe enterprise environmental factors inﬂuence identify risks process include limited to:published material including commercial risk databases checklistsacademic studiesbenchmarking results andindustry studies similar projects.11.2.1.6 organizational process assetsthe organizational process assets inﬂuence identify risks process include limited to:project files including actual dataorganizational project process controlsrisk statement formats andchecklists previous similar projects.
Identify Risks Tools and Techniques,414,11.2.2,417,11.2.2 identify risks: tools techniques11.2.2.1 expert judgmentdescribed section 4.1.2.1. expertise considered individuals groups specialized knowledge similar projects business areas. experts identified project manager invited consider aspects individual project risks well sources overall project risk based previous experience areas expertise. experts’ bias taken account process.11.2.2.2 data gatheringdata-gathering techniques used process include limited to:brainstorming. goal brainstorming see section 4.1.2.2 obtain comprehensive list individual project risks sources overall project risk. project team usually performs brainstorming often multidisciplinary set experts part team. ideas generated guidance facilitator either free-form brainstorm session one uses structured techniques. categories risk risk breakdown structure used framework. particular attention paid ensuring risks identified brainstorming clearly described since technique result ideas fully formed.checklists. checklist list items actions points considered. often used reminder. risk checklists developed based historical information knowledge accumulated similar projects sources information. effective way capture lessons learned similar completed projects listing specific individual project risks occurred previously may relevant project. organization may maintain risk checklist based completed projects may use generic risk checklists industry. checklist may quick simple use impossible build exhaustive one care taken ensure checklist used avoid effort proper risk identification. project team also explore items appear checklist. additionally checklist reviewed time time update new information well remove archive obsolete information.interviews. individual project risks sources overall project risk identified interviewing experienced project participants stakeholders subject matter experts. interviews see section 5.2.2.2 conducted environment trust confidentiality encourage honest unbiased contributions.11.2.2.3 data analysisdata analysis techniques used process include limited to:root cause analysis. root cause analysis see section 8.2.2.2 typically used discover underlying causes lead problem develop preventive action. used identify threats starting problem statement example project might delayed budget exploring threats might result problem occurring. technique used find opportunities starting benefit statement example early delivery budget exploring opportunities might result benefit realized.assumption constraint analysis. every project project management plan conceived developed based set assumptions within series constraints. often already incorporated scope baseline project estimates. assumption constraint analysis explores validity assumptions constraints determine pose risk project. threats may identified inaccuracy instability inconsistency incompleteness assumptions. constraints may give rise opportunities removing relaxing limiting factor affects execution project process.swot analysis. technique examines project strengths weaknesses opportunities threats swot perspectives. risk identification used increase breadth identified risks including internally generated risks. technique starts identification strengths weaknesses organization focusing either project organization business area general. swot analysis identifies opportunities project may arise strengths threats resulting weaknesses. analysis also examines degree organizational strengths may offset threats determines weaknesses might hinder opportunities.document analysis. described section 5.2.2.3. risks may identified structured review project documents including limited plans assumptions constraints previous project files contracts agreements technical documentation. uncertainty ambiguity project documents well inconsistencies within document different documents may indicators risk project. 11.2.2.4 interpersonal team skillsinterpersonal team skills used process includes limited facilitation see section 4.1.2.3. facilitation improves effectiveness many techniques used identify individual project risks sources overall project risk. skilled facilitator help participants remain focused risk identification task follow method associated technique accurately ensure clear risk descriptions identify overcome sources bias resolve disagreements may arise.11.2.2.5 prompt listsa prompt list predetermined list risk categories might give rise individual project risks could also act sources overall project risk. prompt list used framework aid project team idea generation using risk identification techniques. risk categories lowest level risk breakdown structure used prompt list individual project risks. common strategic frameworks suitable identifying sources overall project risk example pestle political economic social technological legal environmental tecop technical environmental commercial operational political vuca volatility uncertainty complexity ambiguity.11.2.2.6 meetingsto undertake risk identification project team may conduct specialized meeting often called risk workshop. risk workshops include form brainstorming see section 4.1.2.2 risk identification techniques may included depending level risk process defined risk management plan. use skilled facilitator increase effectiveness meeting. also essential ensure right people participate risk workshop. larger projects may appropriate invite project sponsor subject matter experts sellers representatives customer project stakeholders. risk workshops smaller projects may restricted subset project team.
Identify Risks Outputs,417,11.2.3,419,11.2.3 identify risks: outputs11.2.3.1 risk registerthe risk register captures details identified individual project risks. results perform qualitative risk analysis plan risk responses implement risk responses monitor risks recorded risk register processes conducted throughout project. risk register may contain limited extensive risk information depending project variables size complexity.on completion identify risks process content risk register may include limited to:list identified risks. individual project risk given unique identifier risk register. identified risks described much detail required ensure unambiguous understanding. structured risk statement may used distinguish risks causes effects.potential risk owners. potential risk owner identified identify risks process risk owner recorded risk register. confirmed perform qualitative risk analysis process.list potential risk responses. potential risk response identified identify risks process recorded risk register. confirmed plan risk responses process.additional data may recorded identified risk depending risk register format specified risk management plan. may include: short risk title risk category current risk status one causes one effects objectives risk triggers events conditions indicate risk occur wbs reference affected activities timing information risk identified might risk occur might longer relevant deadline taking action. 11.2.3.2 risk reportthe risk report presents information sources overall project risk together summary information identified individual project risks. risk report developed progressively throughout project risk management process. results perform qualitative risk analysis perform quantitative risk analysis plan risk responses implement risk responses monitor risks also included risk report processes completed. completion identify risks process information risk report may include limited to:sources overall project risk indicating important drivers overall project risk exposure; andsummary information identified individual project risks number identified threats opportunities distribution risks across risk categories metrics trends etc.additional information may included risk report depending reporting requirements specified risk management plan.11.2.3.3 project documents updatesproject documents may updated result process include limited to:assumption log. described section 4.1.3.2. identify risks process new assumptions may made new constraints may identified existing assumptions constraints may revisited changed. assumption log updated new information.issue log. described section 4.3.3.3. issue log updated capture new issues uncovered changes currently logged issues.lessons learned register. described section 4.4.3.1. lessons learned register updated information techniques effective identifying risks improve performance later phases projects.
Perform Qualitative Risk Analysis,419,11.3,421,11.3 perform qualitative risk analysisperform qualitative risk analysis process prioritizing individual project risks analysis action assessing probability occurrence impact well characteristics. key benefit process focuses efforts high-priority risks. process performed throughout project. inputs tools techniques outputs process depicted figure 11-8. figure 11-9 depicts data ﬂow diagram process. perform qualitative risk analysis: data flow diagramperform qualitative risk analysis assesses priority identified individual project risks using probability occurrence corresponding impact project objectives risks occur factors. assessments subjective based perceptions risk project team stakeholders. effective assessment therefore requires explicit identification management risk attitudes key participants perform qualitative risk analysis process. risk perception introduces bias assessment identified risks attention paid identifying bias correcting it. facilitator used support perform qualitative risk analysis process addressing bias key part facilitator’s role. evaluation quality available information individual project risks also helps clarify assessment risk’s importance project. perform qualitative risk analysis establishes relative priorities individual project risks plan risk responses. identifies risk owner risk take responsibility planning appropriate risk response ensuring implemented. perform qualitative risk analysis also lays foundation perform quantitative risk analysis process required. perform qualitative risk analysis process performed regularly throughout project life cycle defined risk management plan. often agile development environment perform qualitative risk analysis process conducted start iteration.
Perform Qualitative Risk Analysis Inputs,421,11.3.1,422,11.3.1 perform qualitative risk analysis: inputs11.3.1.1 project management plandescribed section 4.2.3.1. project management plan components include risk management plan described section 11.1.3.1. particular interest process roles responsibilities conducting risk management budgets risk management schedule activities risk management risk categories often defined risk breakdown structure definitions probability impact probability impact matrix stakeholders’ risk thresholds. inputs usually tailored project plan risk management process. available may developed perform qualitative risk analysis process presented project sponsor approval use.11.3.1.2 project documentsproject documents considered inputs process include limited to:assumption log. described section 4.1.3.2. assumption log used identifying managing monitoring key assumptions constraints may affect project. may inform assessment priority individual project risks.risk register. described section 11.2.3.1. risk register contains details identified individual project risk assessed perform qualitative risk analysis process.stakeholder register. described section 13.1.3.1. includes details project stakeholders may nominated risk owners.
Perform Qualitative Risk Analysis Tools and Techniques,422,11.3.2,427,11.3.2 perform qualitative risk analysis: tools techniques11.3.2.1 expert judgmentdescribed section 4.1.2.1. expertise considered individuals groups specialized knowledge training following topics:previous similar projects andqualitative risk analysis.expert judgment often obtained facilitated risk workshops interviews. possibility expert views biased taken account process.11.3.2.2 data gathering data-gathering techniques used process include limited interviews. structured semi-structured interviews section 5.2.2.2 used assess probability impacts individual project risks well factors. interviewer promote environment trust confidentiality interview setting encourage honest unbiased assessments.11.3.2.3 data analysisdata analysis techniques used process include limited to:risk data quality assessment. risk data quality assessment evaluates degree data individual project risks accurate reliable basis qualitative risk analysis. use low-quality risk data may lead qualitative risk analysis little use project. data quality unacceptable may necessary gather better data. risk data quality may assessed via questionnaire measuring project’s stakeholder perceptions various characteristics may include completeness objectivity relevancy timeliness. weighted average selected data quality characteristics generated give overall quality score.risk probability impact assessment. risk probability assessment considers likelihood specific risk occur. risk impact assessment considers potential effect one project objectives schedule cost quality performance. impacts negative threats positive opportunities. probability impact assessed identified individual project risk. risks assessed interviews meetings participants selected familiarity types risk recorded risk register. project team members knowledgeable persons external project included. level probability risk impact objective evaluated interview meeting. differences levels probability impact perceived stakeholders expected differences explored. explanatory detail including assumptions justifying levels assigned also recorded. risk probabilities impacts assessed using definitions given risk management plan see table 11-1. risks low probability impact may included within risk register part watch list future monitoring.assessment risk parameters. project team may consider characteristics risk addition probability impact prioritizing individual project risks analysis action. characteristics may include limited to: urgency. period time within response risk implemented order effective. short period indicates high urgency. proximity. period time risk might impact one project objectives. short period indicates high proximity. dormancy. period time may elapse risk occurred impact discovered. short period indicates low dormancy. manageability. ease risk owner owning organization manage occurrence impact risk. management easy manageability high. controllability. degree risk owner owning organization able control risk’s outcome. outcome easily controlled controllability high. detectability. ease results risk occurring occur detected recognized. risk occurrence detected easily detectability high. connectivity. extent risk related individual project risks. risk connected many risks connectivity high. strategic impact. potential risk positive negative effect organization’s strategic goals. risk major effect strategic goals strategic impact high. propinquity. degree risk perceived matter one stakeholders. risk perceived significant propinquity high.the consideration characteristics provide robust prioritization risks possible assessing probability impact.11.3.2.4 interpersonal team skillsinterpersonal team skills used process include limited facilitation see section 4.1.2.3. facilitation improves effectiveness qualitative analysis individual project risks. skilled facilitator help participants remain focused risk analysis task follow method associated technique accurately reach consensus assessments probability impacts identify overcome sources bias resolve disagreements may arise.11.3.2.5 risk categorizationrisks project categorized sources risk example. using risk breakdown structure rbs; see figure 11-4 area project affected example. using work breakdown structure wbs; see figures 5-12 5-13 5-14 useful categories example. project phase project budget roles responsibilities determine areas project exposed effects uncertainty. risks also categorized common root causes. risk categories may used project defined risk management plan.grouping risks categories lead development effective risk responses focusing attention effort areas highest risk exposure developing generic risk responses address groups related risks.11.3.2.6 data representationdata representation techniques used process include limited to:probability impact matrix. probability impact matrix grid mapping probability risk occurrence impact project objectives risk occurs. matrix specifies combinations probability impact allow individual project risks divided priority groups see figure 11-5. risks prioritized analysis planning risk responses based probability impacts. probability occurrence individual project risk assessed well impact one project objectives occur using definitions probability impact project specified risk management plan. individual project risks assigned priority level based combination assessed probability impact using probability impact matrix.an organization assess risk separately objective example. cost time scope separate probability impact matrix each. alternatively may develop ways determine one overall priority level risk either combining assessments different objectives taking highest priority level regardless objective affected.hierarchical charts. risks categorized using two parameters probability impact matrix cannot used graphical representations required. example bubble chart displays three dimensions data risk plotted disk bubble three parameters represented x-axis value y-axis value bubble size. example bubble chart shown figure 11-10 detectability proximity plotted x axes impact value represented bubble size. figure 11-10. example bubble chart showing detectability proximity impact value11.3.2.7 meetingsto undertake qualitative risk analysis project team may conduct specialized meeting often called risk workshop dedicated discussion identified individual project risks. goals meeting include review previously identified risks assessment probability impacts possibly risk parameters categorization prioritization. risk owner responsible planning appropriate risk response reporting progress managing risk allocated individual project risk part perform qualitative risk analysis process. meeting may start reviewing confirming probability impact scales used analysis. meeting may also identify additional risks discussion recorded analysis. use skilled facilitator increase effectiveness meeting.
Perform Qualitative Risk Analysis Outputs,427,11.3.3,428,11.3.3 perform qualitative risk analysis: outputs11.3.3.1 project documents updatesproject documents may updated result carrying process include limited to:assumption log. described section 4.1.3.2. perform qualitative risk analysis process new assumptions may made new constraints may identified existing assumptions constraints may revisited changed. assumption log updated new information.issue log. described section 4.3.3.3. issue log updated capture new issues uncovered changes currently logged issues.risk register. described section 11.2.3.1. risk register updated new information generated perform qualitative risk analysis process. updates risk register may include assessments probability impacts individual project risk priority level risk score nominated risk owner risk urgency information risk categorization watch list low-priority risks risks requiring analysis.risk report. described section 11.2.3.2. risk report updated reﬂect important individual project risks usually highest probability impact well prioritized list identified risks project summary conclusion.
Perform Quantitative Risk Analysis,428,11.4,430,11.4 perform quantitative risk analysisperform quantitative risk analysis process numerically analyzing combined effect identified individual project risks sources uncertainty overall project objectives. key benefit process quantifies overall project risk exposure also provide additional quantitative risk information support risk response planning. process required every project used performed throughout project. inputs outputs process depicted figure 11-11. perform quantitative risk analysis: data flow diagramperform quantitative risk analysis required projects. undertaking robust analysis depends availability high-quality data individual project risks sources uncertainty well sound underlying project baseline scope schedule cost. quantitative risk analysis usually requires specialized risk software expertise development interpretation risk models. also consumes additional time cost. use quantitative risk analysis project specified project’s risk management plan. likely appropriate large complex projects strategically important projects projects contractual requirement projects key stakeholder requires it. quantitative risk analysis reliable method assess overall project risk evaluating aggregated effect project outcomes individual project risks sources uncertainty.perform quantitative risk analysis uses information individual project risks assessed perform qualitative risk analysis process significant potential affect project’s objectives.outputs perform quantitative risk analysis used inputs plan risk responses process particularly recommending responses level overall project risk key individual risks. quantitative risk analysis may also undertaken following plan risk responses process determine likely effectiveness planned responses reducing overall project risk exposure.
Perform Quantitative Risk Analysis Inputs,430,11.4.1,431,11.4.1 perform quantitative risk analysis: inputs11.4.1.1 project management plandescribed section 4.2.3.1. project management plan components include limited to:risk management plan. described section 11.1.3.1. risk management plan specifies whether quantitative risk analysis required project. also details resources available analysis expected frequency analyses.scope baseline. described section 5.4.3.1. scope baseline describes starting point effect individual project risks sources uncertainty evaluated.schedule baseline. described section 6.5.3.1. schedule baseline describes starting point effect individual project risks sources uncertainty evaluated.cost baseline. described section 7.3.3.1. cost baseline describes starting point effect individual project risks sources uncertainty evaluated.11.4.1.2 project documentsproject documents considered inputs process include limited to:assumption log. described section 4.1.3.2. assumptions may form inputs quantitative risk analysis assessed posing risk project objectives. effect constraints may also modeled quantitative risk analysis.basis estimates. described sections 6.4.3.2 7.2.3.2. basis estimates used planning project may reﬂected variability modeled quantitative risk analysis process. may include information estimate’s purpose classification assumed accuracy methodology source.cost estimates. described section 7.2.3.1. cost estimates provide starting point cost variability evaluated.cost forecasts. described section 7.4.3.2. forecasts project’s estimate complete etc estimate completion eac budget completion bac to-complete performance index tcpi may compared results quantitative cost risk analysis determine confidence level associated achieving targets.duration estimates. described section 6.4.3.1. duration estimates provide starting point schedule variability evaluated.milestone list. described section 6.2.3.3. significant events project define schedule targets results quantitative schedule risk analysis compared order determine confidence level associated achieving targets. resource requirements. described section 9.2.3.1. resource requirements provide starting point variability evaluated. risk register. described section 11.2.3.1. risk register contains details individual project risks used input quantitative risk analysis. risk report. described section 11.2.3.2. risk report describes sources overall project risk current overall project risk status. schedule forecasts. described section 6.6.3.2. forecasts may compared results quantitative schedule risk analysis determine confidence level associated achieving targets. 11.4.1.3 enterprise environmental factors enterprise environmental factors influence perform quantitative risk analysis process include limited to: industry studies similar projects published material including commercial risk databases checklists. 11.4.1.4 organizational process assets organizational process assets influence perform quantitative risk analysis process include information similar completed projects.
Perform Quantitative Risk Analysis Tools and Techniques,431,11.4.2,436,11.4.2 perform quantitative risk analysis: tools techniques11.4.2.1 expert judgmentdescribed section 4.1.2.1. expertise considered individuals groups specialized knowledge training following topics:translating information individual project risks sources uncertainty numeric inputs quantitative risk analysis modelselecting appropriate representation uncertainty model particular risks sources uncertaintymodeling techniques appropriate context projectidentifying tools would suitable selected modeling techniques andinterpreting outputs quantitative risk analysis. 11.4.2.2 data gatheringinterviews see section 5.2.2.2 may used generate inputs quantitative risk analysis drawing inputs include individual project risks sources uncertainty. particularly useful information required experts. interviewer promote environment trust confidentiality interview encourage honest unbiased contributions.11.4.2.3 interpersonal team skillsinterpersonal team skills used process include limited facilitation see section 4.1.2.3. skilled facilitator useful gathering input data dedicated risk workshop involving project team members stakeholders. facilitated workshops improve effectiveness establishing clear understanding purpose workshop building consensus among participants ensuring continued focus task using creative approaches deal interpersonal conﬂict sources bias.11.4.2.4 representations uncertaintyquantitative risk analysis requires inputs quantitative risk analysis model reﬂect individual project risks sources uncertainty.where duration cost resource requirement planned activity uncertain range possible values represented model probability distribution. may take several forms. commonly used triangular normal lognormal beta uniform discrete distributions. care taken selecting appropriate probability distribution reﬂect range possible values planned activity.individual project risks may covered probability distributions. alternatively risks may included model probabilistic branches optional activities added model represent time and/or cost impact risk occur chance activities actually occur particular simulation run matches risk’s probability. branches useful risks might occur independently planned activity. risks related example common cause logical dependency correlation used model indicate relationship.other sources uncertainty may also represented using branches describe alternative paths project.11.4.2.5 data analysisdata analysis techniques used process include limited to:simulation. quantitative risk analysis uses model simulates combined effects individual project risks sources uncertainty evaluate potential impact achieving project objectives. simulations typically performed using monte carlo analysis. running monte carlo analysis cost risk simulation uses project cost estimates. running monte carlo analysis schedule risk schedule network diagram duration estimates used. integrated quantitative cost-schedule risk analysis uses inputs. output quantitative risk analysis model.computer software used iterate quantitative risk analysis model several thousand times. input values example. cost estimates duration estimates occurrence probabilistic branches chosen random iteration. outputs represent range possible outcomes project example. project end date project cost completion. typical outputs include histogram presenting number iterations particular outcome resulted simulation cumulative probability distribution s-curve representing probability achieving particular outcome less. example s-curve monte carlo cost risk analysis shown figure 11-13.for quantitative schedule risk analysis also possible conduct criticality analysis determines elements risk model greatest effect project critical path. criticality index calculated element risk model gives frequency element appears critical path simulation usually expressed percentage. output criticality analysis allows project team focus risk response planning efforts activities highest potential effect overall schedule performance project.sensitivity analysis. sensitivity analysis helps determine individual project risks sources uncertainty potential impact project outcomes. correlates variations project outcomes variations elements quantitative risk analysis model.one typical display sensitivity analysis tornado diagram presents calculated correlation coefficient element quantitative risk analysis model inﬂuence project outcome. include individual project risks project activities high degrees variability specific sources ambiguity. items ordered descending strength correlation giving typical tornado appearance. example tornado diagram shown figure 11-14. decision trees used support selection best several alternative courses action. alternative paths project shown decision tree using branches representing different decisions events associated costs related individual project risks including threats opportunities. end-points branches decision tree represent outcome following particular path negative positive.the decision tree evaluated calculating expected monetary value branch allowing optimal path selected. example decision tree shown figure 11-15.influence diagrams. influence diagrams graphical aids decision making uncertainty. influence diagram represents project situation within project set entities outcomes influences together relationships effects them. element influence diagram uncertain result existence individual project risks sources uncertainty represented influence diagram using ranges probability distributions. influence diagram evaluated using simulation technique monte carlo analysis indicate elements greatest influence key outcomes. outputs influence diagram similar quantitative risk analysis methods including s-curves tornado diagrams.
Perform Quantitative Risk Analysis Outputs,436,11.4.3,437,11.4.3 perform quantitative risk analysis: outputs11.4.3.1 project documents updatesproject documents considered outputs process include limited risk report described section 11.2.3.2. risk report updated reﬂect results quantitative risk analysis. typically include:assessment overall project risk exposure. overall project risk reﬂected two key measures: chances project success indicated probability project achieve key objectives example. required end date interim milestones required cost target etc. given identified individual project risks sources uncertainty; degree inherent variability remaining within project time analysis conducted indicated range possible project outcomes.detailed probabilistic analysis project. key outputs quantitative risk analysis presented s-curves tornado diagrams criticality analysis together narrative interpretation results. possible detailed results quantitative risk analysis may include: amount contingency reserve needed provide specified level confidence; identification individual project risks sources uncertainty greatest effect project critical path; major drivers overall project risk greatest inﬂuence uncertainty project outcomes.prioritized list individual project risks. list includes individual project risks pose greatest threat present greatest opportunity project indicated sensitivity analysis.trends quantitative risk analysis results. analysis repeated different times project life cycle trends may become apparent inform planning risk responses.recommended risk responses. risk report may present suggested responses level overall project risk exposure key individual project risks based results quantitative risk analysis. recommendations form inputs plan risk responses process.
Plan Risk Responses,437,11.5,439,11.5 plan risk responsesplan risk responses process developing options selecting strategies agreeing actions address overall project risk exposure well treat individual project risks. key benefit process identifies appropriate ways address overall project risk individual project risks. process also allocates resources inserts activities project documents project management plan needed. process performed throughout project. inputs tools techniques outputs process depicted figure 11-16. figure 11-17 depicts data ﬂow diagram process.effective appropriate risk responses minimize individual threats maximize individual opportunities reduce overall project risk exposure. unsuitable risk responses converse effect. risks identified analyzed prioritized plans developed nominated risk owner addressing every individual project risk project team considers sufficiently important either threat poses project objectives opportunity offers. project manager also consider respond appropriately current level overall project risk. risk responses appropriate significance risk cost-effective meeting challenge realistic within project context agreed upon parties involved owned responsible person. selecting optimal risk response several options often required. strategy mix strategies likely effective selected risk. structured decision-making techniques may used choose appropriate response. large complex projects may appropriate use mathematical optimization model real options analysis basis robust economic analysis alternative risk response strategies. specific actions developed implement agreed-upon risk response strategy including primary backup strategies necessary. contingency plan (or fallback plan) developed implementation selected strategy turns fully effective accepted risk occurs. secondary risks also identified. secondary risks risks arise direct result implementing risk response. contingency reserve often allocated time cost. developed may include identification conditions trigger use.
Plan Risk Responses Inputs,439,11.5.1,441,11.5.1 plan risk responses: inputs11.5.1.1 project management plandescribed section 4.2.3.1. project management plan components include limited to:resource management plan. described section 9.1.3.1. resource management plan used help determine resources allocated agreed-upon risk responses coordinated project resources.risk management plan. described section 11.1.3.1. risk management roles responsibilities risk thresholds used process.cost baseline. described section 7.3.3.1. cost baseline information contingency fund allocated respond risks. 11.5.1.2 project documentsproject documents considered inputs process include limited to:lessons learned register. described section 4.4.3.1. lessons learned effective risk responses used earlier phases project reviewed determine similar responses might useful remainder project.project schedule. described section 6.5.3.2. schedule used determine agreed-upon risk responses scheduled alongside project activities.project team assignments. described section 9.3.3.2. project team assignments show resources allocated agreed-upon risk responses.resource calendars. described section 9.2.1.2. resource calendars identify potential resources available allocated agreed-upon risk responses.risk register. described section 11.2.3.1. risk register contains details individual project risks identified prioritized risk responses required. priority level risk help guide selection appropriate risk responses. example high-priority threats opportunities may require priority action highly proactive response strategies. threats opportunities low-priority zone may require proactive management action beyond placed risk register part watch list adding contingency reserve.the risk register identifies nominated risk owner risk. may also contain preliminary risk responses identified earlier project risk management process. risk register may provide data identified risks assist planning risk responses including root causes risk triggers warning signs risks requiring responses near term risks need additional analysis identified.risk report. described section 11.2.3.2. risk report presents current level overall risk exposure project inform selection risk response strategy. risk report may also list individual project risks priority order provide additional analysis distribution individual project risks may inform risk response selection.stakeholder register. described section 13.1.3.1. stakeholder register identifies potential owners risk responses. 11.5.1.3 enterprise environmental factors enterprise environmental factors influence plan risk responses process include limited risk appetite thresholds key stakeholders. 11.5.1.4 organizational process assets organizational process assets influence plan risk responses process include limited to: templates risk management plan risk register risk report; historical databases; lessons learned repositories similar projects.
Plan Risk Responses Tools and Techniques,441,11.5.2,447,11.5.2 plan risk responses: tools techniques11.5.2.1 expert judgmentdescribed section 4.1.2.1. expertise considered individuals groups specialized knowledge following topics:threat response strategiesopportunity response strategiescontingent response strategies andoverall project risk response strategies.expert input may sought individuals particular subject matter expertise relevant specific individual project risk example specialist technical knowledge required. 11.5.2.2 data gatheringdata-gathering techniques used process include limited interviews see section 5.2.2.2. development responses individual project risks overall project risk may undertaken structured semi-structured interviews see section 5.2.2.2 risk owners. stakeholders may also interviewed necessary. interviewer promote environment trust confidentiality interview setting encourage honest unbiased decisions.11.5.2.3 interpersonal team skillsinterpersonal team skills used process includes limited facilitation see section 4.1.2.3. use facilitation improves effectiveness developing responses individual project risks overall project risk. skilled facilitator help risk owners understand risk identify compare alternative possible risk response strategies choose appropriate response strategy identify overcome sources bias.11.5.2.4 strategies threatsfive alternative strategies may considered dealing threats follows:escalate. escalation appropriate project team project sponsor agrees threat outside scope project proposed response would exceed project manager’s authority. escalated risks managed program level portfolio level relevant part organization project level. project manager determines notified threat communicates details person part organization. important ownership escalated threats accepted relevant party organization. threats usually escalated level matches objectives would affected threat occurred. escalated threats monitored project team escalation although may recorded risk register information.avoid. risk avoidance project team acts eliminate threat protect project impact. may appropriate high-priority threats high probability occurrence large negative impact. avoidance may involve changing aspect project management plan changing objective jeopardy order eliminate threat entirely reducing probability occurrence zero. risk owner may also take action isolate project objectives risk’s impact occur. examples avoidance actions may include removing cause threat extending schedule changing project strategy reducing scope. risks avoided clarifying requirements obtaining information improving communication acquiring expertise.transfer. transfer involves shifting ownership threat third party manage risk bear impact threat occurs. risk transfer often involves payment risk premium party taking threat. transfer achieved range actions include limited use insurance performance bonds warranties guarantees etc. agreements may used transfer ownership liability specified risks another party.mitigate. risk mitigation action taken reduce probability occurrence and/or impact threat. early mitigation action often effective trying repair damage threat occurred. adopting less complex processes conducting tests choosing stable seller examples mitigation actions. mitigation may involve prototype development see section 5.2.2.8 reduce risk scaling bench-scale model process product. possible reduce probability mitigation response might reduce impact targeting factors drive severity. example designing redundancy system may reduce impact failure original component.accept. risk acceptance acknowledges existence threat proactive action taken. strategy may appropriate low-priority threats may also adopted possible cost-effective address threat way. acceptance either active passive. common active acceptance strategy establish contingency reserve including amounts time money resources handle threat occurs. passive acceptance involves proactive action apart periodic review threat ensure change significantly. 11.5.2.5 strategies opportunitiesfive alternative strategies may considered dealing opportunities follows:escalate. risk response strategy appropriate project team project sponsor agrees opportunity outside scope project proposed response would exceed project manager’s authority. escalated opportunities managed program level portfolio level relevant part organization project level. project manager determines notified opportunity communicates details person part organization. important ownership escalated opportunities accepted relevant party organization. opportunities usually escalated level matches objectives would affected opportunity occurred. escalated opportunities monitored project team escalation although may recorded risk register information.exploit. exploit strategy may selected high-priority opportunities organization wants ensure opportunity realized. strategy seeks capture benefit associated particular opportunity ensuring definitely happens increasing probability occurrence %. examples exploiting responses may include assigning organization’s talented resources project reduce time completion using new technologies technology upgrades reduce cost duration.share. sharing involves transferring ownership opportunity third party shares benefit opportunity occurs. important select new owner shared opportunity carefully best able capture opportunity benefit project. risk sharing often involves payment risk premium party taking opportunity. examples sharing actions include forming risk-sharing partnerships teams special-purpose companies joint ventures.enhance. enhance strategy used increase probability and/or impact opportunity. early enhancement action often effective trying improve benefit opportunity occurred. probability occurrence opportunity may increased focusing attention causes. possible increase probability enhancement response might increase impact targeting factors drive size potential benefit. examples enhancing opportunities include adding resources activity finish early.accept. accepting opportunity acknowledges existence proactive action taken. strategy may appropriate low-priority opportunities may also adopted possible cost-effective address opportunity way. acceptance either active passive. common active acceptance strategy establish contingency reserve including amounts time money resources take advantage opportunity occurs. passive acceptance involves proactive action apart periodic review opportunity ensure change significantly.11.5.2.6 contingent response strategiessome responses designed use certain events occur. risks appropriate project team make response plan executed certain predefined conditions believed sufficient warning implement plan. events trigger contingency response missing intermediate milestones gaining higher priority seller defined tracked. risk responses identified using technique often called contingency plans fallback plans include identified triggering events set plans effect.11.5.2.7 strategies overall project riskrisk responses planned implemented individual project risks also address overall project risk. risk response strategies used deal individual project risks also applied overall project risk:avoid. level overall project risk significantly negative outside agreed-upon risk thresholds project avoid strategy may adopted. involves taking focused action reduce negative effect uncertainty project whole bring project back within thresholds. example avoidance overall project level would include removal high-risk elements scope project. possible bring project back within thresholds project may canceled. represents extreme degree risk avoidance used overall level threat remain unacceptable.exploit. level overall project risk significantly positive outside agreed-upon risk thresholds project exploit strategy may adopted. involves taking focused action capture positive effect uncertainty project whole. example exploiting overall project level would include addition high-benefit elements scope project add value benefits stakeholders. alternatively risk thresholds project may modified agreement key stakeholders order embrace opportunity.transfer/share. level overall project risk high organization unable address effectively third party may involved manage risk behalf organization. overall project risk negative transfer strategy required may involve payment risk premium. case high positive overall project risk ownership may shared order reap associated benefits. examples transfer share strategies overall project risk include limited setting collaborative business structure buyer seller share overall project risk launching joint venture special-purpose company subcontracting key elements project. mitigate/enhance. strategies involve changing level overall project risk optimize chances achieving project’s objectives. mitigation strategy used overall project risk negative enhancement applies positive. examples mitigation enhancement strategies include replanning project changing scope boundaries project modifying project priority changing resource allocations adjusting delivery times etc.accept. proactive risk response strategy possible address overall project risk organization may choose continue project currently defined even overall project risk outside agreed-upon thresholds. acceptance either active passive. common active acceptance strategy establish overall contingency reserve project including amounts time money resources used project exceeds thresholds. passive acceptance involves proactive action apart periodic review level overall project risk ensure change significantly.11.5.2.8 data analysisa number alternative risk response strategies may considered. data analysis techniques used select preferred risk response strategy include limited to:alternatives analysis. simple comparison characteristics requirements alternative risk response options lead decision response appropriate.cost-benefit analysis. impact individual project risk quantified monetary terms cost-effectiveness alternative risk response strategies determined using cost-benefit analysis see section 8.1.2.3. ratio change impact level divided implementation cost gives cost effectiveness response strategy higher ratio indicating effective response.11.5.2.9 decision makingdecision-making techniques used select risk response strategy include limited multicriteria decision analysis described section 8.1.2.4. one risk response strategies may consideration. decision-making techniques help prioritize risk response strategies. multicriteria decision analysis uses decision matrix provide systematic approach establishing key decision criteria evaluating ranking alternatives selecting preferred option. criteria risk response selection may include limited cost response likely effectiveness response changing probability and/or impact resource availability timing constraints urgency proximity dormancy level impact risk occurs effect response related risks introduction secondary risks etc. different strategies may selected later project original choice proves ineffective.
Plan Risk Responses Outputs,447,11.5.3,449,11.5.3 plan risk responses: outputs11.5.3.1 change requestsdescribed section 4.3.3.4. planned risk responses may result change request cost schedule baselines components project management plan. change requests processed review disposition perform integrated change control process section 4.6.11.5.3.2 project management plan updatesany change project management plan goes organization’s change control process via change request. components may require change request project management plan include limited to:schedule management plan. described section 6.1.3.1. changes schedule management plan changes resource loading leveling updates schedule strategy incorporated.cost management plan. described section 7.1.3.1. changes cost management plan changes cost accounting tracking reports well updates budget strategy contingency reserves consumed incorporated.quality management plan. described section 8.1.3.1. changes quality management plan changes approaches meeting requirements quality management approaches quality control processes incorporated.resource management plan. described section 9.1.3.1. changes resource management plan changes resource allocation well updates resource strategy incorporated.procurement management plan. described section 12.1.3.1. changes procurement management plan alterations make-or-buy decision contract types incorporated.scope baseline. described section 5.4.3.1. changes scope baseline incorporated response approved changes scope may arise agreed-upon risk responses.schedule baseline. described section 6.5.3.1. changes schedule baseline incorporated response approved changes schedule estimates may arise agreed-upon risk responses.cost baseline. described section 7.3.3.1. changes cost baseline incorporated response approved changes cost estimates may arise agreed-upon risk responses. 11.5.3.3 project documents updatesproject documents may updated result carrying process include limited to:assumption log. described section 4.1.3.2. plan risk responses process new assumptions may made new constraints may identified existing assumptions constraints may revisited changed. assumption log updated new information.cost forecasts. described section 7.4.3.2. cost forecasts may change result planned risk responses.lessons learned register. described section 4.4.3.1. lessons learned register updated information risk responses may useful future phases project future projects.project schedule. described section 6.5.3.2. activities relating agreed-upon risk responses may added project schedule.project team assignments. described section 9.3.3.2. responses confirmed necessary resources allocated action associated risk response plan. resources include suitably qualified experienced personnel execute agreed-upon action usually within project team specific budget time allowance action required technical resources complete action.risk register. described section 11.2.3.1. risk register updated appropriate risk responses chosen agreed upon. updates risk register may include limited to: agreed-upon response strategies; specific actions implement chosen response strategy; trigger conditions symptoms warning signs risk occurrence; budget schedule activities required implement chosen responses; contingency plans risk triggers call execution; fallback plans use risk occurred primary response proves inadequate; residual risks expected remain planned responses taken well deliberately accepted; secondary risks arise direct outcome implementing risk response.risk report. described section 11.2.3.2. risk report may updated present agreed-upon responses current overall project risk exposure high-priority risks together expected changes may expected result implementing responses.
Implement Risk Responses,449,11.6,450,11.6 implement risk responsesimplement risk responses process implementing agreed-upon risk response plans. key benefit process ensures agreed-upon risk responses executed planned order address overall project risk exposure minimize individual project threats maximize individual project opportunities. process performed throughout project. inputs tools techniques outputs process depicted figure 11-18. figure 11-19 depicts data ﬂow diagram process.proper attention implement risk responses process ensure agreed-upon risk responses actually executed. common problem project risk management project teams spend effort identifying analyzing risks developing risk responses risk responses agreed upon documented risk register risk report action taken manage risk. risk owners give required level effort implementing agreed-upon responses overall risk exposure project individual threats opportunities managed proactively.
Implement Risk Responses Inputs,450,11.6.1,451,11.6.1 implement risk responses: inputs11.6.1.1 project management plandescribed section 4.2.3.1. project management plan components include limited risk management plan. described section 11.1.3.1 risk management plan lists roles responsibilities project team members stakeholders risk management. information used allocating owners agreed-upon risk responses. risk management plan also defines level detail risk management methodology project. also specifies risk thresholds project based risk appetite key stakeholders define acceptable target implementation risk responses required achieve.11.6.1.2 project documentsproject documents considered inputs process include limited to:lessons learned register. described section 4.4.3.1. lessons learned earlier project regard implementing risk responses applied later phases project improve effectiveness process.risk register. described section 11.2.3.1. risk register records agreed-upon risk responses individual risk nominated owners response plan.risk report. described section 11.2.3.2. risk report includes assessment current overall project risk exposure well agreed-upon risk response strategy. also describes major individual project risks planned responses.11.6.1.3 organizational process assetsthe organizational process assets inﬂuence implement risk responses process include limited lessons learned repository similar completed projects indicate effectiveness particular risk responses.
Implement Risk Responses Tools and Techniques,451,11.6.2,451,11.6.2.1 expert judgment described section 4.1.2.1. expertise considered individuals groups specialized knowledge validate modify risk responses necessary decide implement efficient effective manner. 11.6.2.2 interpersonal team skills interpersonal team skills used process include limited influencing. risk response actions may owned people outside immediate project team competing demands. project manager person responsible facilitating risk process may need exercise influencing (see section 9.5.2.1) encourage nominated risk owners take necessary action required. 11.6.2.3 project management information system (pmis) described section 4.3.2.2. project management information systems include schedule resource cost software ensure agreed-upon risk response plans associated activities integrated project alongside project activities.
Implement Risk Responses Outputs,451,11.6.3,453,11.6.3 implement risk responses: outputs11.6.3.1 change requestsdescribed section 4.3.3.4. implementation risk responses may result change request cost schedule baselines components project management plan. change requests processed review disposition perform integrated change control process section 4.6. 11.6.3.2 project documents updatesproject documents may updated result carrying process include limited to:issue log. described section 4.3.3.3. issues identified part implement risk responses process recorded issue log.lessons learned register. described section 4.4.3.1. lessons learned register updated information challenges encountered implementing risk responses could avoided well approaches worked well implementing risk responses.project team assignments. described section 9.3.3.2. risk responses confirmed necessary resources allocated action associated risk response plan. resources include suitably qualified experienced personnel execute agreed-upon action usually within project team specific budget time allowance action required technical resources complete action.risk register. described section 11.2.3.1. risk register may updated reﬂect changes previously agreed-upon risk responses individual project risks subsequently made result implement risk responses process.risk report. described section 11.2.3.2. risk report may updated reﬂect changes previously agreed-upon risk response overall project risk exposure subsequently made result implement risk responses process.
Monitor Risks,453,11.7,455,11.7 monitor risksmonitor risks process monitoring implementation agreed-upon risk response plans tracking identified risks identifying analyzing new risks evaluating risk process effectiveness throughout project. key benefit process enables project decisions based current information overall project risk exposure individual project risks. process performed throughout project. inputs tools techniques outputs process depicted figure 11-20. order ensure project team key stakeholders aware current level risk exposure project work continuously monitored new changing outdated individual project risks changes level overall project risk applying monitor risks process. monitor risks process uses performance information generated project execution determine if:implemented risk responses effectivelevel overall project risk changedstatus identified individual project risks changednew individual project risks arisenrisk management approach still appropriateproject assumptions still validrisk management policies procedures followedcontingency reserves cost schedule require modification andproject strategy still valid.
Monitor Risks Inputs,455,11.7.1,456,11.7.1 monitor risks: inputs11.7.1.1 project management plandescribed section 4.2.3.1. project management plan components include limited risk management plan. described section 11.3.1.1. risk management plan provides guidance risks reviewed policies procedures followed roles responsibilities monitoring process reporting formats.11.7.1.2 project documentsproject documents considered inputs process include limited to:issue log. described section 4.3.3.3. issue log used see open issues updated necessitate update risk register.lessons learned register. described section 4.4.3.1. risk-related lessons earlier project applied later phases project.risk register. described section 11.2.3.1. risk register key inputs include identified individual project risks risk owners agreed-upon risk responses specific implementation actions. may also provide details including control actions assessing effectiveness response plans symptoms warning signs risk residual secondary risks watch list low-priority risks.risk report. described section 11.2.3.2. risk report includes assessment current overall project risk exposure well agreed-upon risk response strategy. also describes major individual risks planned responses risk owners.11.7.1.3 work performance data described section 4.3.3.2. work performance data contains data project status risk responses implemented risks occurred risks active closed out. 11.7.1.4 work performance reports described section 4 5.3.1. work performance reports provide information performance measurements analyzed provide project work performance information including variance analysis earned value data forecasting data. information could relevant monitoring performance-related risks.
Monitor Risks Tools and Techniques,456,11.7.2,457,11.7.2 monitor risks: tools techniques11.7.2.1 data analysisdata analysis techniques used process include limited to:technical performance analysis. technical performance analysis compares technical accomplishments project execution schedule technical achievement. requires definition objective quantifiable measures technical performance used compare actual results targets. technical performance measures may include weight transaction times number delivered defects storage capacity etc. deviation indicate potential impact threats opportunities.reserve analysis. described section 7.2.2.6. throughout execution project individual project risks may occur positive negative impacts budget schedule contingency reserves. reserve analysis compares amount contingency reserves remaining amount risk remaining time project order determine remaining reserve adequate. may communicated using various graphical representations including burndown chart.11.7.2.2 auditsdescribed section 8.2.2.5. risk audits type audit may used consider effectiveness risk management process. project manager responsible ensuring risk audits performed appropriate frequency defined project’s risk management plan. risk audits may included routine project review meetings may form part risk review meeting team may choose hold separate risk audit meetings. format risk audit objectives clearly defined audit conducted. 11.7.2.3 meetings meetings used process include limited risk reviews. risk reviews scheduled regularly examine document effectiveness risk responses dealing overall project risk identified individual project risks. risk reviews may also result identification new individual project risks (including secondary risks arise agreed-upon risk responses) reassessment current risks closing risks outdated issues arisen result risks occurred identification lessons learned implementation ongoing phases current project similar projects future. risk review may conducted part periodic project status meeting dedicated risk review meeting may held specified risk management plan.
Monitor Risks Outputs,457,11.7.3,459,11.7.3 monitor risks: outputs11.7.3.1 work performance informationdescribed section 4.5.1.3. work performance information includes information project risk management performing comparing individual risks occurred expectation would occur. information indicates effectiveness response planning response implementation processes.11.7.3.2 change requestsdescribed section 4.3.3.4. monitor risks process may result change request cost schedule baselines components project management plan. change requests processed review disposition perform integrated change control process section 4.6.change requests include recommended corrective preventive actions address current level overall project risk address individual project risks.11.7.3.3 project management plan updatesany change project management plan goes organization’s change control process via change request. may affect component project management plan. 11.7.3.4 project documents updatesproject documents may updated result carrying process include limited to:assumption log. described section 4.1.3.2. monitor risks process new assumptions may made new constraints may identified existing assumptions constraints may revisited changed. assumption log updated new information.issue log. described section 4.3.3.3. issues identified part monitor risks process recorded issue log.lessons learned register. described section 4.4.3.1. lessons learned register updated risk-related lessons learned risk reviews used later phases project future projects.risk register. described section 11.2.3.1. risk register updated information individual project risks generated monitor risks process. may include adding new risks updating outdated risks risks realized updating risk responses forth.risk report. described section 11.2.3.2. new information becomes available monitor risks process risk report updated reﬂect current status major individual project risks current level overall project risk. risk report may also include details top individual project risks agreed-upon responses owners conclusions recommendations. may also include conclusions risk audits effectiveness risk management process.11.7.3.5 organizational process assets updatesorganizational process assets updated result monitor risks process include limited to:templates risk management plan risk register risk report; andrisk breakdown structure.
